ID,CITY_NAME,CNTRY_NAME,STATUS,FIPS_CNTRY,POP,POP_RANK,POP_CLASS
2536,Ang Thong,Thailand,Provincial capital,TH,-999,7,Less than 50;000
33,Bangkok,Thailand,National and provincial capital,TH,5104476,1,5;000;000 and greater
187,Buriram,Thailand,Provincial capital,TH,-999,7,Less than 50;000
39,Chachoengsao,Thailand,Provincial capital,TH,49741,7,Less than 50;000
2528,Chainat,Thailand,Provincial capital,TH,15469,7,Less than 50;000
185,Chaiyaphum,Thailand,Provincial capital,TH,58350,6,50;000 to 99;999
2455,Chang Rai,Thailand,Provincial capital,TH,78756,6,50;000 to 99;999
151,Chanthaburi,Thailand,Provincial capital,TH,99819,6,50;000 to 99;999
2511,Chiang Mai,Thailand,Provincial capital,TH,200952,5,100;000 to 249;999
56,Chon Buri,Thailand,Provincial capital,TH,219164,5,100;000 to 249;999
2461,Chumphon,Thailand,Provincial capital,TH,55835,6,50;000 to 99;999
175,Kalasin,Thailand,Provincial capital,TH,55102,6,50;000 to 99;999
1,Kamphaeng Phet,Thailand,Provincial capital,TH,58787,6,50;000 to 99;999
67,Kanchanaburi,Thailand,Provincial capital,TH,63699,6,50;000 to 99;999
170,Khon Kaen,Thailand,Provincial capital,TH,147579,5,100;000 to 249;999
2479,Krabi,Thailand,Provincial capital,TH,31219,7,Less than 50;000
2516,Lampang,Thailand,Provincial capital,TH,156139,5,100;000 to 249;999
2514,Lamphun,Thailand,Provincial capital,TH,-999,7,Less than 50;000
255,Loei,Thailand,Provincial capital,TH,35273,7,Less than 50;000
2458,Mae Hong Son,Thailand,Provincial capital,TH,9109,7,Less than 50;000
178,Maha Sarakham,Thailand,Provincial capital,TH,51584,6,50;000 to 99;999
2409,Nakhom Phanom,Thailand,Provincial capital,TH,34595,7,Less than 50;000
18,Nakhon Nayok,Thailand,Provincial capital,TH,21309,7,Less than 50;000
73,Nakhon Pathom,Thailand,Provincial capital,TH,117927,5,100;000 to 249;999
195,Nakhon Ratchasima,Thailand,Provincial capital,TH,208781,5,100;000 to 249;999
8,Nakhon Sawan,Thailand,Provincial capital,TH,-999,7,Less than 50;000
2477,Nakhon Si Thammarat,Thailand,Provincial capital,TH,120836,5,100;000 to 249;999
2513,Nan,Thailand,Provincial capital,TH,24670,7,Less than 50;000
434,Narathiwat,Thailand,Provincial capital,TH,47771,7,Less than 50;000
253,Nong Khai,Thailand,Provincial capital,TH,63609,6,50;000 to 99;999
27,Nonthaburi,Thailand,Provincial capital,TH,-999,7,Less than 50;000
23,Pathum Thani,Thailand,Provincial capital,TH,-999,7,Less than 50;000
427,Pattani,Thailand,Provincial capital,TH,-999,7,Less than 50;000
2466,Phangnga,Thailand,Provincial capital,TH,9676,7,Less than 50;000
2481,Phatthalung,Thailand,Provincial capital,TH,43522,7,Less than 50;000
2508,Phayao,Thailand,Provincial capital,TH,21058,7,Less than 50;000
87,Phet Buri,Thailand,Provincial capital,TH,46601,7,Less than 50;000
2525,Phetchabun,Thailand,Provincial capital,TH,50656,6,50;000 to 99;999
3,Phichit,Thailand,Provincial capital,TH,35760,7,Less than 50;000
2540,Phitsanulok,Thailand,Provincial capital,TH,103427,5,100;000 to 249;999
2539,Phra Nakhon Si Ayutthaya,Thailand,Provincial capital,TH,81962,6,50;000 to 99;999
2517,Phrae,Thailand,Provincial capital,TH,38538,7,Less than 50;000
2468,Phuket,Thailand,Provincial capital,TH,89072,6,50;000 to 99;999
135,Prachin Buri,Thailand,Provincial capital,TH,32600,7,Less than 50;000
64,Prachuap Khiri Khan,Thailand,Provincial capital,TH,33521,7,Less than 50;000
2463,Ranong,Thailand,Provincial capital,TH,24561,7,Less than 50;000
79,Ratchaburi,Thailand,Provincial capital,TH,92448,6,50;000 to 99;999
146,Rayong,Thailand,Provincial capital,TH,-999,7,Less than 50;000
181,Roi Et,Thailand,Provincial capital,TH,39328,7,Less than 50;000
2420,Sakon Nakhon,Thailand,Provincial capital,TH,76237,6,50;000 to 99;999
47,Samut Prakan,Thailand,Provincial capital,TH,388920,4,250;000 to 499;999
51,Samut Sakhon,Thailand,Provincial capital,TH,63498,6,50;000 to 99;999
83,Samut Songkhram,Thailand,Provincial capital,TH,35065,7,Less than 50;000
14,Saraburi,Thailand,Provincial capital,TH,-999,7,Less than 50;000
2486,Satun,Thailand,Provincial capital,TH,34544,7,Less than 50;000
2530,Sing Buri,Thailand,Provincial capital,TH,20046,7,Less than 50;000
122,Sisaket,Thailand,Provincial capital,TH,44751,7,Less than 50;000
2484,Songkhla,Thailand,Provincial capital,TH,-999,7,Less than 50;000
2521,Sukhothai,Thailand,Provincial capital,TH,-999,7,Less than 50;000
2537,Supham Buri,Thailand,Provincial capital,TH,53399,6,50;000 to 99;999
2465,Surat Thani,Thailand,Provincial capital,TH,127201,5,100;000 to 249;999
196,Surin,Thailand,Provincial capital,TH,46673,7,Less than 50;000
2522,Tak,Thailand,Provincial capital,TH,24149,7,Less than 50;000
2534,Thahanbok Lop Buri,Thailand,Provincial capital,TH,-999,7,Less than 50;000
2482,Trang,Thailand,Provincial capital,TH,66713,6,50;000 to 99;999
161,Trat,Thailand,Provincial capital,TH,21590,7,Less than 50;000
119,Ubon Ratchathani,Thailand,Provincial capital,TH,122533,5,100;000 to 249;999
259,Udon Thani,Thailand,Provincial capital,TH,247231,5,100;000 to 249;999
2526,Uthai Thani,Thailand,Provincial capital,TH,22219,7,Less than 50;000
2519,Uttaradit,Thailand,Provincial capital,TH,58313,6,50;000 to 99;999
432,Yala,Thailand,Provincial capital,TH,93558,6,50;000 to 99;999
109,Yasothon,Thailand,Provincial capital,TH,21643,7,Less than 50;000
