ID,CITY_NAME,CNTRY_NAME,STATUS,FIPS_CNTRY,POP,POP_RANK,POP_CLASS
437,Adelaide,Australia,Provincial capital,AS,1074159,2,1;000;000 to 4;999;999
1013,Adrar,Algeria,Provincial capital,AG,-999,7,Less than 50;000
1356,Algiers,Algeria,National and provincial capital,AG,1977663,2,1;000;000 to 4;999;999
190,Alice Springs,Australia,Other,AS,26188,7,Less than 50;000
1395,Andorra La Valla,Andorra,National capital,AN,20430,7,Less than 50;000
1443,Annaba,Algeria,Provincial capital,AG,206570,5,100;000 to 249;999
2266,Asadabad,Afghanistan,Provincial capital,AF,59617,6,50;000 to 99;999
2269,Aybak,Afghanistan,Provincial capital,AF,-999,7,Less than 50;000
2271,Baghlan,Afghanistan,Provincial capital,AF,108449,5,100;000 to 249;999
631,Bahia Blanca,Argentina,Other,AR,276546,4,250;000 to 499;999
1687,Bajram Curri,Albania,Provincial capital,AL,7967,7,Less than 50;000
2195,Baku,Azerbaijan,National and provincial capital,AJ,1116513,2,1;000;000 to 4;999;999
2277,Bamian,Afghanistan,Provincial capital,AF,-999,7,Less than 50;000
2284,Baraki Barak,Afghanistan,Provincial capital,AF,22305,7,Less than 50;000
1427,Batna,Algeria,Provincial capital,AG,280798,4,250;000 to 499;999
1010,Bechar,Algeria,Provincial capital,AG,143382,5,100;000 to 249;999
1360,Bejaia,Algeria,Provincial capital,AG,164103,5,100;000 to 249;999
10,Benguela,Angola,Provincial capital,AO,151226,5,100;000 to 249;999
1764,Berat,Albania,Provincial capital,AL,46866,7,Less than 50;000
305,Birdum,Australia,Other,AS,-999,7,Less than 50;000
1431,Biskra,Algeria,Provincial capital,AG,-999,7,Less than 50;000
1330,Blida,Algeria,Provincial capital,AG,-999,7,Less than 50;000
1341,Bordj Bou Arreridj,Algeria,Provincial capital,AG,-999,7,Less than 50;000
1334,Bouira,Algeria,Provincial capital,AG,-999,7,Less than 50;000
2374,Bregenz,Austria,Provincial capital,AU,26928,7,Less than 50;000
418,Brisbane,Australia,Provincial capital,AS,958504,3,500;000 to 999;999
642,Buenos Aires,Argentina,National and provincial capital,AR,13076300,1,5;000;000 and greater
1828,Burrel,Albania,Provincial capital,AL,15405,7,Less than 50;000
2,Cabinda,Angola,Provincial capital,AO,66020,6,50;000 to 99;999
486,Cairns,Australia,Other,AS,154225,5,100;000 to 249;999
445,Canberra,Australia,National and provincial capital,AS,327700,4,250;000 to 499;999
657,Catamarca,Argentina,Provincial capital,AR,188812,5,100;000 to 249;999
480,Caxito,Angola,Provincial capital,AO,28224,7,Less than 50;000
2119,Chaghcharan,Afghanistan,Provincial capital,AF,-999,7,Less than 50;000
2275,Charikar,Afghanistan,Provincial capital,AF,53676,6,50;000 to 99;999
594,Comodoro Rivadavia,Argentina,Other,AR,140850,5,100;000 to 249;999
1423,Constantine,Algeria,Provincial capital,AG,450097,4,250;000 to 499;999
662,Cordoba,Argentina,Provincial capital,AR,1428214,2,1;000;000 to 4;999;999
1768,Corovode,Albania,Provincial capital,AL,14046,7,Less than 50;000
685,Corrientes,Argentina,Provincial capital,AR,339067,4,250;000 to 499;999
301,Darwin,Australia,Provincial capital,AS,93080,6,50;000 to 99;999
1347,Djelfa,Algeria,Provincial capital,AG,-999,7,Less than 50;000
1698,Durres,Albania,Provincial capital,AL,122034,5,100;000 to 249;999
2476,Eisenstadt,Austria,Provincial capital,AU,-999,7,Less than 50;000
1849,Elbasan,Albania,Provincial capital,AL,100903,5,100;000 to 249;999
1720,Erseke,Albania,Provincial capital,AL,7890,7,Less than 50;000
2153,Farah,Afghanistan,Provincial capital,AF,43561,7,Less than 50;000
2260,Feyzabad,Afghanistan,Provincial capital,AF,40276,7,Less than 50;000
1704,Fier,Albania,Provincial capital,AL,-999,7,Less than 50;000
677,Formosa,Argentina,Provincial capital,AR,221383,5,100;000 to 249;999
209,Fremantle,Australia,Other,AS,-999,7,Less than 50;000
2212,Gardez,Afghanistan,Provincial capital,AF,103601,5,100;000 to 249;999
1313,Ghardina,Algeria,Provincial capital,AG,-999,7,Less than 50;000
2213,Ghazni,Afghanistan,Provincial capital,AF,141000,5,100;000 to 249;999
1782,Gjirokaster,Albania,Provincial capital,AL,23437,7,Less than 50;000
1757,Gramsh,Albania,Provincial capital,AL,11556,7,Less than 50;000
2498,Graz,Austria,Provincial capital,AU,222326,5,100;000 to 249;999
1420,Guelma,Algeria,Provincial capital,AG,123590,5,100;000 to 249;999
2124,Herat,Afghanistan,Provincial capital,AF,-999,7,Less than 50;000
457,Hobart,Australia,Provincial capital,AS,47700,7,Less than 50;000
13,Huambo,Angola,Provincial capital,AO,226145,5,100;000 to 249;999
1323,In Salah,Algeria,Other,AG,-999,7,Less than 50;000
2487,Innsbruck,Austria,Provincial capital,AU,112467,5,100;000 to 249;999
2253,Jalabad,Afghanistan,Provincial capital,AF,200331,5,100;000 to 249;999
1446,Jijel,Algeria,Provincial capital,AG,-999,7,Less than 50;000
2281,Kabul,Afghanistan,National and provincial capital,AF,3043532,2,1;000;000 to 4;999;999
2157,Kandahar,Afghanistan,Provincial capital,AF,391190,4,250;000 to 499;999
2502,Klagenfurt,Austria,Provincial capital,AU,90610,6,50;000 to 99;999
2264,Konduz,Afghanistan,Provincial capital,AF,161902,5,100;000 to 249;999
1734,Korce,Albania,Provincial capital,AL,58259,6,50;000 to 99;999
1833,Kruje,Albania,Provincial capital,AL,21286,7,Less than 50;000
351,Kuito,Angola,Provincial capital,AO,113624,5,100;000 to 249;999
1807,Kukes,Albania,Provincial capital,AL,17832,7,Less than 50;000
617,La Plata,Argentina,Provincial capital,AR,694167,3,500;000 to 999;999
660,La Rioja,Argentina,Provincial capital,AR,162620,5,100;000 to 249;999
1350,Laghouat,Algeria,Provincial capital,AG,113872,5,100;000 to 249;999
2160,Lashkar Gah,Afghanistan,Provincial capital,AF,-999,7,Less than 50;000
1695,Lezhe,Albania,Provincial capital,AL,18695,7,Less than 50;000
1844,Librazhd,Albania,Provincial capital,AL,12691,7,Less than 50;000
2474,Linz,Austria,Provincial capital,AU,181162,5,100;000 to 249;999
482,Luanda,Angola,National and provincial capital,AO,2776168,2,1;000;000 to 4;999;999
17,Lubango,Angola,Provincial capital,AO,102541,5,100;000 to 249;999
461,Lucapa,Angola,Provincial capital,AO,20115,7,Less than 50;000
347,Luena,Angola,Provincial capital,AO,21115,7,Less than 50;000
1751,Lushnje,Albania,Provincial capital,AL,41469,7,Less than 50;000
1345,M'sila,Algeria,Provincial capital,AG,-999,7,Less than 50;000
2274,Mahmud-E Eraqi,Afghanistan,Provincial capital,AF,-999,7,Less than 50;000
487,Malange,Angola,Provincial capital,AO,87046,6,50;000 to 99;999
1369,Mascara,Algeria,Provincial capital,AG,-999,7,Less than 50;000
2283,Mayda Shahr,Afghanistan,Provincial capital,AF,-999,7,Less than 50;000
2105,Mazar-E Sharif,Afghanistan,Provincial capital,AF,303282,4,250;000 to 499;999
476,Mbanza Congo,Angola,Provincial capital,AO,24220,7,Less than 50;000
1361,Medea,Algeria,Provincial capital,AG,147707,5,100;000 to 249;999
2278,Mehtar Lam,Afghanistan,Provincial capital,AF,17345,7,Less than 50;000
450,Melbourne,Australia,Other,AS,3730206,2,1;000;000 to 4;999;999
638,Mendoza,Argentina,Provincial capital,AR,876884,3,500;000 to 999;999
357,Menongue,Angola,Provincial capital,AO,-999,7,Less than 50;000
2111,Meymaneh,Afghanistan,Provincial capital,AF,-999,7,Less than 50;000
1366,Mostaganem,Algeria,Provincial capital,AG,130000,5,100;000 to 249;999
22,Namibe,Angola,Provincial capital,AO,80149,6,50;000 to 99;999
2210,Naxcivian,Azerbaijan,Provincial capital,AJ,64754,6,50;000 to 99;999
484,Ndalatando,Angola,Provincial capital,AO,-999,7,Less than 50;000
621,Neuquen,Argentina,Provincial capital,AR,242092,5,100;000 to 249;999
423,Newcastle,Australia,Other,AS,497955,4,250;000 to 499;999
490,Ngunza,Angola,Provincial capital,AO,33277,7,Less than 50;000
4,Onjiva,Angola,Provincial capital,AO,10169,7,Less than 50;000
989,Oran,Algeria,Other,AG,645984,3,500;000 to 999;999
1284,Oranjestad,Aruba,National and provincial capital,AA,29998,7,Less than 50;000
1425,Oum el Bouaghi,Algeria,Provincial capital,AG,100821,5,100;000 to 249;999
578,Pago Pago,American Samoa,National and provincial capital,AQ,4196,7,Less than 50;000
611,Parana,Argentina,Provincial capital,AR,262295,4,250;000 to 499;999
1777,Permet,Albania,Provincial capital,AL,10686,7,Less than 50;000
198,Perth,Australia,Provincial capital,AS,1446704,2,1;000;000 to 4;999;999
1804,Peshkopi,Albania,Provincial capital,AL,14848,7,Less than 50;000
1730,Pogradec,Albania,Provincial capital,AL,-999,7,Less than 50;000
558,Posadas,Argentina,Provincial capital,AR,312060,4,250;000 to 499;999
1812,Puke,Albania,Provincial capital,AL,6495,7,Less than 50;000
2116,Qal eh-ye,Afghanistan,Provincial capital,AF,-999,7,Less than 50;000
2154,Qalat,Afghanistan,Provincial capital,AF,-999,7,Less than 50;000
639,Rawson,Argentina,Provincial capital,AR,26335,7,Less than 50;000
683,Resistencia,Argentina,Provincial capital,AR,387158,4,250;000 to 499;999
596,Rio Gallegos,Argentina,Provincial capital,AR,85700,6,50;000 to 99;999
414,Rockhampton,Australia,Other,AS,65850,6,50;000 to 99;999
614,Rosario,Argentina,Other,AR,1173533,2,1;000;000 to 4;999;999
1819,Rreshen,Albania,Provincial capital,AL,10064,7,Less than 50;000
1374,Saida,Algeria,Provincial capital,AG,127497,5,100;000 to 249;999
672,Saint John's,Antigua & Barbuda,National capital,AC,24226,7,Less than 50;000
648,Salta,Argentina,Provincial capital,AR,512686,3,500;000 to 999;999
2485,Salzburg,Austria,Provincial capital,AU,150269,5,100;000 to 249;999
636,San Juan,Argentina,Provincial capital,AR,447048,4,250;000 to 499;999
664,San Luis,Argentina,Provincial capital,AR,183982,5,100;000 to 249;999
651,San Miguel De Tucuman,Argentina,Provincial capital,AR,781023,3,500;000 to 999;999
645,San Salvador De Jujuy,Argentina,Provincial capital,AR,305891,4,250;000 to 499;999
609,Santa Fe,Argentina,Provincial capital,AR,468632,4,250;000 to 499;999
628,Santa Rosa,Argentina,Provincial capital,AR,111424,5,100;000 to 249;999
655,Santiago Del Estero,Argentina,Provincial capital,AR,354692,4,250;000 to 499;999
1786,Sarande,Albania,Provincial capital,AL,15147,7,Less than 50;000
465,Saurimo,Angola,Provincial capital,AO,40498,7,Less than 50;000
1337,Setif,Algeria,Provincial capital,AG,-999,7,Less than 50;000
2109,Sheberghan,Afghanistan,Provincial capital,AF,55641,6,50;000 to 99;999
1691,Shkoder,Albania,Provincial capital,AL,88245,6,50;000 to 99;999
992,Sidi-Bel-Abbes,Algeria,Provincial capital,AG,191769,5,100;000 to 249;999
1444,Skikda,Algeria,Provincial capital,AG,162702,5,100;000 to 249;999
431,Sydney,Australia,Other,AS,4394576,2,1;000;000 to 4;999;999
2262,Taloqan,Afghanistan,Provincial capital,AF,64256,6,50;000 to 99;999
1329,Tamanrasset,Algeria,Other,AG,73128,6,50;000 to 99;999
2150,Tarin Kowt,Afghanistan,Provincial capital,AF,-999,7,Less than 50;000
1428,Tbessa,Algeria,Provincial capital,AG,-999,7,Less than 50;000
1774,Tepelene,Albania,Provincial capital,AL,11955,7,Less than 50;000
658,The Valley,Anguilla,National and provincial capital,AV,1378,7,Less than 50;000
1371,Tiaret,Algeria,Provincial capital,AG,-999,7,Less than 50;000
1017,Tindouf,Algeria,Other,AG,-999,7,Less than 50;000
1839,Tirana,Albania,National and provincial capital,AL,374801,4,250;000 to 499;999
1352,Tizi-Ouzou,Algeria,Provincial capital,AG,-999,7,Less than 50;000
996,Tlemcen,Algeria,Provincial capital,AG,132341,5,100;000 to 249;999
489,Townsville,Australia,Other,AS,138954,5,100;000 to 249;999
478,Uige,Angola,Provincial capital,AO,60008,6,50;000 to 99;999
605,Ushuaia,Argentina,Provincial capital,AR,58028,6,50;000 to 99;999
635,Viedma,Argentina,Provincial capital,AR,48940,7,Less than 50;000
2478,Vienna,Austria,National capital and provincial capital enclave,AU,1569316,2,1;000;000 to 4;999;999
1707,Vlore,Albania,Provincial capital,AL,89546,6,50;000 to 99;999
1587,Yerevan,Armenia,National capital,AM,1093485,2,1;000;000 to 4;999;999
2165,Zaranj,Afghanistan,Provincial capital,AF,-999,7,Less than 50;000
2201,Zareh Sharan,Afghanistan,Provincial capital,AF,7366,7,Less than 50;000
